Country,Date,DailyCases,CumulativeCases
England,2021-03-02,5530,3668620
England,2021-03-01,4738,3663090
England,2021-02-28,5080,3658352
England,2021-02-27,6527,3653272
England,2021-02-26,7393,3646745
England,2021-02-25,8623,3639352
England,2021-02-24,8644,3630729
England,2021-02-23,7292,3622085
England,2021-02-22,9420,3614793
England,2021-02-21,8408,3605373
England,2021-02-20,8964,3596965
England,2021-02-19,10296,3588001
England,2021-02-18,10740,3577705
England,2021-02-17,10926,3566965
England,2021-02-16,9236,3556039
England,2021-02-15,8609,3546803
England,2021-02-14,9499,3538194
England,2021-02-13,11697,3528695
England,2021-02-12,13299,3516998
England,2021-02-11,12001,3503699
England,2021-02-10,11551,3491698
England,2021-02-09,10916,3480147
England,2021-02-08,12270,3469231
England,2021-02-07,14466,3456961
England,2021-02-06,16302,3442495
England,2021-02-05,17314,3426193
England,2021-02-04,18529,3408879
England,2021-02-03,17265,3390350
England,2021-02-02,15021,3373085
England,2021-02-01,16815,3358064
England,2021-01-31,19054,3341249
England,2021-01-30,21089,3322195
England,2021-01-29,26709,3301106
England,2021-01-28,26182,3274397
England,2021-01-27,22914,3248215
England,2021-01-26,17920,3225301
England,2021-01-25,20149,3207381
England,2021-01-24,27580,3187232
England,2021-01-23,30496,3159652
England,2021-01-22,37115,3129156
England,2021-01-21,34371,3092041
England,2021-01-20,35061,3057670
England,2021-01-19,30371,3022609
England,2021-01-18,34134,2992238
England,2021-01-17,35263,2958104
England,2021-01-16,37759,2922841
England,2021-01-15,50741,2885082
England,2021-01-14,44358,2834341
England,2021-01-13,42898,2789983
England,2021-01-12,41121,2747085
England,2021-01-11,41835,2705964
England,2021-01-10,50291,2664129
England,2021-01-09,54257,2613838
England,2021-01-08,61757,2559581
England,2021-01-07,46841,2497824
England,2021-01-06,56060,2450983
England,2021-01-05,54940,2394923
England,2021-01-04,53180,2339983
England,2021-01-03,46853,2286803
England,2021-01-02,49248,2239950
England,2021-01-01,50746,2190702
England,2020-12-31,49510,2139956
England,2020-12-30,43554,2090446
England,2020-12-29,47164,2046892
England,2020-12-28,36511,1999728
England,2020-12-27,25619,1963217
England,2020-12-26,31307,1937598
England,2020-12-25,31560,1906291
England,2020-12-24,35561,1874731
England,2020-12-23,34247,1839170
England,2020-12-22,32288,1804923
England,2020-12-21,28742,1772635
England,2020-12-20,32155,1743893
England,2020-12-19,22775,1711738
England,2020-12-18,24452,1688963
England,2020-12-17,22401,1664511
England,2020-12-16,23432,1642110
England,2020-12-15,16504,1618678
England,2020-12-14,17882,1602174
England,2020-12-13,17164,1584292
England,2020-12-12,17468,1567128
England,2020-12-11,17899,1549660
England,2020-12-10,17622,1531761
England,2020-12-09,12960,1514139
England,2020-12-08,10459,1501179
England,2020-12-07,11623,1490720
England,2020-12-06,14294,1479097
England,2020-12-05,12666,1464803
England,2020-12-04,13412,1452137
England,2020-12-03,11992,1438725
England,2020-12-02,13323,1426733
England,2020-12-01,11618,1413410
England,2020-11-30,10869,1401792
England,2020-11-29,10054,1390923
England,2020-11-28,13323,1380869
England,2020-11-27,13557,1367546
England,2020-11-26,14637,1355272
England,2020-11-25,15893,1340635
England,2020-11-24,9854,1324742
England,2020-11-23,13329,1314888
England,2020-11-22,16668,1301559
England,2020-11-21,17615,1284891
England,2020-11-20,17845,1267276
England,2020-11-19,20291,1249431
England,2020-11-18,17189,1229140
England,2020-11-17,17549,1211951
England,2020-11-16,19423,1194402
England,2020-11-15,21998,1174979
England,2020-11-14,24298,1152981
England,2020-11-13,24540,1128683
England,2020-11-12,30843,1104143
England,2020-11-11,19970,1073300
England,2020-11-10,18622,1053330
England,2020-11-09,19036,1034708
England,2020-11-08,18293,1015672
England,2020-11-07,21875,997379
England,2020-11-06,20268,975504
England,2020-11-05,21137,955236
England,2020-11-04,21863,934099
England,2020-11-03,17330,912236
England,2020-11-02,15860,894906
England,2020-11-01,20602,879046
England,2020-10-31,18864,858444
England,2020-10-30,20821,839580
England,2020-10-29,19740,818759
England,2020-10-28,21245,799019
England,2020-10-27,19629,777774
England,2020-10-26,17883,758145
England,2020-10-25,16487,740262
England,2020-10-24,19332,723775
England,2020-10-23,17116,704443
England,2020-10-22,17354,687327
England,2020-10-21,22948,669973
England,2020-10-20,17814,647025
England,2020-10-19,16365,629211
England,2020-10-18,14704,612846
England,2020-10-17,13299,598142
England,2020-10-16,12176,584843
England,2020-10-15,16139,572667
England,2020-10-14,16132,556528
England,2020-10-13,14310,540396
England,2020-10-12,11647,526086
England,2020-10-11,10383,514439
England,2020-10-10,12628,504056
England,2020-10-09,10772,491428
England,2020-10-08,14952,480656
England,2020-10-07,11528,465704
England,2020-10-06,12648,454176
England,2020-10-05,10685,441528
England,2020-10-04,21309,430843
England,2020-10-03,10806,409534
England,2020-10-02,4797,398728
England,2020-10-01,5589,393931
England,2020-09-30,5656,388342
England,2020-09-29,5651,382686
England,2020-09-28,3316,377035
England,2020-09-27,4800,373719
England,2020-09-26,4639,368919
England,2020-09-25,5723,364280
England,2020-09-24,5632,358557
England,2020-09-23,5083,352925
England,2020-09-22,4187,347842
England,2020-09-21,3754,343655
England,2020-09-20,3279,339901
England,2020-09-19,3638,336622
England,2020-09-18,3771,332984
England,2020-09-17,2788,329213
England,2020-09-16,3396,326425
England,2020-09-15,2649,323029
England,2020-09-14,2259,320380
England,2020-09-13,2837,318121
England,2020-09-12,3008,315284
England,2020-09-11,3143,312276
England,2020-09-10,2578,309133
England,2020-09-09,2286,306555
England,2020-09-08,2094,304269
England,2020-09-07,2528,302175
England,2020-09-06,2576,299647
England,2020-09-05,1477,297071
England,2020-09-04,1669,295594
England,2020-09-03,1507,293925
England,2020-09-02,1239,292418
England,2020-09-01,1041,291179
England,2020-08-31,1149,290138
England,2020-08-30,1487,288989
England,2020-08-29,891,287502
England,2020-08-28,1106,286611
England,2020-08-27,1350,285505
England,2020-08-26,875,284155
England,2020-08-25,1065,283280
England,2020-08-24,758,282215
England,2020-08-23,938,281457
England,2020-08-22,1060,280519
England,2020-08-21,908,279459
England,2020-08-20,1035,278551
England,2020-08-19,707,277516
England,2020-08-18,975,276809
England,2020-08-17,634,275834
England,2020-08-16,952,275200
England,2020-08-15,934,274248
England,2020-08-14,1284,273314
England,2020-08-13,1059,272030
England,2020-08-12,925,270971
England,2020-08-11,1035,270046
England,2020-08-10,699,269011
England,2020-08-09,988,268312
England,2020-08-08,679,267324
England,2020-08-07,796,266645
England,2020-08-06,826,265849
England,2020-08-05,804,265023
England,2020-08-04,617,264219
England,2020-08-03,856,263602
England,2020-08-02,676,262746
England,2020-08-01,722,262070
England,2020-07-31,814,261348
England,2020-07-30,812,260534
England,2020-07-29,700,259722
England,2020-07-28,547,259022
England,2020-07-27,616,258475
England,2020-07-26,721,257859
England,2020-07-25,710,257138
England,2020-07-24,688,256428
England,2020-07-23,702,255740
England,2020-07-22,519,255038
England,2020-07-21,399,254519
England,2020-07-20,535,254120
England,2020-07-19,672,253585
England,2020-07-18,796,252913
England,2020-07-17,635,252117
England,2020-07-16,597,251482
England,2020-07-15,506,250885
England,2020-07-14,372,250379
England,2020-07-13,497,250007
England,2020-07-12,615,249510
England,2020-07-11,806,248895
England,2020-07-10,480,248089
England,2020-07-09,617,247609
England,2020-07-08,606,246992
England,2020-07-07,572,246386
England,2020-07-06,331,245814
England,2020-07-05,492,245483
England,2020-07-04,579,244991
England,2020-07-03,502,244412
England,2020-07-02,523,243910
England,2020-07-01,177,160764
England,2020-06-30,196,160587
England,2020-06-29,99,160391
England,2020-06-28,142,160292
England,2020-06-27,192,160150
England,2020-06-26,175,159958
England,2020-06-25,261,159696
England,2020-06-24,107,159435
England,2020-06-23,210,159328
England,2020-06-22,178,159118
England,2020-06-21,215,158940
England,2020-06-20,324,158725
England,2020-06-19,323,158401
England,2020-06-18,281,158078
England,2020-06-17,252,157797
England,2020-06-16,252,157545
England,2020-06-15,219,157293
England,2020-06-14,292,157074
England,2020-06-13,372,156782
England,2020-06-12,392,156410
England,2020-06-11,304,156018
England,2020-06-10,63,155714
England,2020-06-09,651,155651
England,2020-06-08,92,155000
England,2020-06-07,228,154908
England,2020-06-06,422,154680
England,2020-06-05,451,154258
England,2020-06-04,431,153807
England,2020-06-03,462,153376
England,2020-06-02,444,152914
England,2020-06-01,294,152470
England,2020-05-31,320,152176
England,2020-05-30,715,151856
England,2020-05-29,560,151982
England,2020-05-28,519,151422
England,2020-05-27,609,150903
England,2020-05-26,492,150294
England,2020-05-25,494,149802
England,2020-05-24,584,149308
England,2020-05-23,979,148724
England,2020-05-22,1083,147745
England,2020-05-21,854,146662
England,2020-05-20,824,145808
England,2020-05-19,857,145376
England,2020-05-18,816,144519
England,2020-05-17,788,143703
England,2020-05-16,1136,142915
England,2020-05-15,1112,141779
England,2020-05-14,1189,140667
England,2020-05-13,1146,139478
England,2020-05-12,1067,138332
England,2020-05-11,891,137265
England,2020-05-10,1007,136374
England,2020-05-09,1349,135367
England,2020-05-08,1694,134018
England,2020-05-07,2133,132324
England,2020-05-06,1611,130191
England,2020-05-05,1842,128580
England,2020-05-04,1485,126738
England,2020-05-03,2019,125253
England,2020-05-02,2228,123234
England,2020-05-01,2501,121006
England,2020-04-30,2484,118343
England,2020-04-29,1403,115859
England,2020-04-28,1989,114456
England,2020-04-27,2264,112467
England,2020-04-26,2152,110203
England,2020-04-25,2826,108051
England,2020-04-24,3004,105225
England,2020-04-23,3084,102221
England,2020-04-22,3020,99137
England,2020-04-21,3087,96117
England,2020-04-20,2401,93030
England,2020-04-19,3607,90629
England,2020-04-18,3548,87022
England,2020-04-17,3985,83474
England,2020-04-16,3118,79489
England,2020-04-15,3188,76371
England,2020-04-14,3854,73183
England,2020-04-13,2999,69329
England,2020-04-12,3672,66330
England,2020-04-11,3841,62658
England,2020-04-10,4263,58817
England,2020-04-09,3798,54554
England,2020-04-08,4788,50756
England,2020-04-07,2978,45968
England,2020-04-06,3176,42990
England,2020-04-05,5107,39814
England,2020-04-04,2910,34707
England,2020-04-03,3576,31797
England,2020-04-02,3583,28221
England,2020-04-01,3630,24638
England,2020-03-31,2414,21008
England,2020-03-30,2107,18594
England,2020-03-29,2060,16487
England,2020-03-28,2139,14427
England,2020-03-27,2506,12288
England,2020-03-26,1809,9782
England,2020-03-25,1130,7973
England,2020-03-24,1258,6843
England,2020-03-23,793,5585
England,2020-03-22,535,4792
England,2020-03-21,873,4257
England,2020-03-20,628,3384
England,2020-03-19,574,2756
England,2020-03-18,625,2182
England,2020-03-17,361,1557
England,2020-03-16,97,1196
England,2020-03-15,253,1099
England,2020-03-14,201,846
England,2020-03-13,159,645
England,2020-03-12,99,486
England,2020-03-11,63,387
England,2020-03-10,46,324
England,2020-03-09,40,282
England,2020-03-08,58,241
England,2020-03-07,39,183
England,2020-03-06,39,144
England,2020-03-05,25,105
England,2020-03-04,32,80
England,2020-03-03,11,48
England,2020-03-02,4,37
England,2020-03-01,12,33
England,2020-02-29,3,21
England,2020-02-28,5,18
England,2020-02-27,0,13
England,2020-02-26,0,13
England,2020-02-25,0,13
England,2020-02-24,4,13
England,2020-02-23,0,9
England,2020-02-22,0,9
England,2020-02-21,0,9
England,2020-02-20,0,9
England,2020-02-19,0,9
England,2020-02-18,0,9
England,2020-02-17,0,9
England,2020-02-16,0,9
England,2020-02-15,0,9
England,2020-02-14,0,9
England,2020-02-13,1,9
England,2020-02-12,0,8
England,2020-02-11,0,8
England,2020-02-10,4,8
England,2020-02-09,1,4
England,2020-02-08,0,3
England,2020-02-07,0,3
England,2020-02-06,1,3
England,2020-02-05,0,2
England,2020-02-04,0,2
England,2020-02-03,0,2
England,2020-02-02,0,2
England,2020-02-01,0,2
England,2020-01-31,2,2
England,2020-01-30,0,
England,2020-01-29,0,
England,2020-01-28,0,
England,2020-01-27,0,
England,2020-01-26,0,
England,2020-01-25,0,
England,2020-01-24,0,
England,2020-01-23,0,
England,2020-01-22,0,
England,2020-01-21,0,
England,2020-01-20,0,
England,2020-01-19,0,
England,2020-01-18,0,
England,2020-01-17,0,
England,2020-01-16,0,
England,2020-01-15,0,
England,2020-01-14,0,
England,2020-01-13,0,
England,2020-01-12,0,
England,2020-01-11,0,
England,2020-01-10,0,
England,2020-01-09,0,
England,2020-01-08,0,
England,2020-01-07,0,
England,2020-01-06,0,
England,2020-01-05,0,
England,2020-01-04,0,
England,2020-01-03,0,
Northern Ireland,2021-03-02,149,112780
Northern Ireland,2021-03-01,138,112631
Northern Ireland,2021-02-28,136,112493
Northern Ireland,2021-02-27,184,112357
Northern Ireland,2021-02-26,241,112173
Northern Ireland,2021-02-25,281,111932
Northern Ireland,2021-02-24,260,111651
Northern Ireland,2021-02-23,225,111391
Northern Ireland,2021-02-22,187,111166
Northern Ireland,2021-02-21,263,110979
Northern Ireland,2021-02-20,276,110716
Northern Ireland,2021-02-19,313,110440
Northern Ireland,2021-02-18,342,110127
Northern Ireland,2021-02-17,297,109785
Northern Ireland,2021-02-16,341,109488
Northern Ireland,2021-02-15,234,109147
Northern Ireland,2021-02-14,176,108913
Northern Ireland,2021-02-13,303,108737
Northern Ireland,2021-02-12,407,108434
Northern Ireland,2021-02-11,253,108027
Northern Ireland,2021-02-10,336,107774
Northern Ireland,2021-02-09,275,107438
Northern Ireland,2021-02-08,296,107163
Northern Ireland,2021-02-07,334,106867
Northern Ireland,2021-02-06,390,106533
Northern Ireland,2021-02-05,506,106143
Northern Ireland,2021-02-04,412,105637
Northern Ireland,2021-02-03,504,105225
Northern Ireland,2021-02-02,447,104721
Northern Ireland,2021-02-01,314,104274
Northern Ireland,2021-01-31,426,103960
Northern Ireland,2021-01-30,455,103534
Northern Ireland,2021-01-29,669,103079
Northern Ireland,2021-01-28,592,102410
Northern Ireland,2021-01-27,527,101818
Northern Ireland,2021-01-26,550,101291
Northern Ireland,2021-01-25,422,100741
Northern Ireland,2021-01-24,433,100319
Northern Ireland,2021-01-23,670,99886
Northern Ireland,2021-01-22,865,99216
Northern Ireland,2021-01-21,732,98351
Northern Ireland,2021-01-20,905,97619
Northern Ireland,2021-01-19,713,96714
Northern Ireland,2021-01-18,640,96001
Northern Ireland,2021-01-17,822,95361
Northern Ireland,2021-01-16,705,94539
Northern Ireland,2021-01-15,1052,93834
Northern Ireland,2021-01-14,973,92782
Northern Ireland,2021-01-13,1145,91809
Northern Ireland,2021-01-12,1205,90664
Northern Ireland,2021-01-11,759,89459
Northern Ireland,2021-01-10,1112,88700
Northern Ireland,2021-01-09,1442,87588
Northern Ireland,2021-01-08,1500,86146
Northern Ireland,2021-01-07,1410,84646
Northern Ireland,2021-01-06,1985,83236
Northern Ireland,2021-01-05,1378,81251
Northern Ireland,2021-01-04,1801,79873
Northern Ireland,2021-01-03,1662,78072
Northern Ireland,2021-01-02,3576,76410
Northern Ireland,2021-01-01,0,72834
Northern Ireland,2020-12-31,1929,72834
Northern Ireland,2020-12-30,2143,70905
Northern Ireland,2020-12-29,1566,68762
Northern Ireland,2020-12-28,1634,67196
Northern Ireland,2020-12-27,0,65562
Northern Ireland,2020-12-26,998,65562
Northern Ireland,2020-12-25,0,64564
Northern Ireland,2020-12-24,841,64564
Northern Ireland,2020-12-23,787,63723
Northern Ireland,2020-12-22,439,62936
Northern Ireland,2020-12-21,555,62497
Northern Ireland,2020-12-20,505,61942
Northern Ireland,2020-12-19,640,61437
Northern Ireland,2020-12-18,510,60797
Northern Ireland,2020-12-17,656,60287
Northern Ireland,2020-12-16,510,59631
Northern Ireland,2020-12-15,486,59121
Northern Ireland,2020-12-14,419,58635
Northern Ireland,2020-12-13,483,58216
Northern Ireland,2020-12-12,476,57733
Northern Ireland,2020-12-11,538,57257
Northern Ireland,2020-12-10,441,56719
Northern Ireland,2020-12-09,483,56278
Northern Ireland,2020-12-08,351,55795
Northern Ireland,2020-12-07,397,55444
Northern Ireland,2020-12-06,419,55047
Northern Ireland,2020-12-05,451,54628
Northern Ireland,2020-12-04,449,54177
Northern Ireland,2020-12-03,456,53728
Northern Ireland,2020-12-02,416,53272
Northern Ireland,2020-12-01,391,52856
Northern Ireland,2020-11-30,290,52465
Northern Ireland,2020-11-29,351,52175
Northern Ireland,2020-11-28,315,51824
Northern Ireland,2020-11-27,391,51509
Northern Ireland,2020-11-26,442,51118
Northern Ireland,2020-11-25,533,50676
Northern Ireland,2020-11-24,79,50143
Northern Ireland,2020-11-23,280,50064
Northern Ireland,2020-11-22,342,49784
Northern Ireland,2020-11-21,357,49442
Northern Ireland,2020-11-20,369,49085
Northern Ireland,2020-11-19,487,48716
Northern Ireland,2020-11-18,518,48229
Northern Ireland,2020-11-17,549,47711
Northern Ireland,2020-11-16,331,47162
Northern Ireland,2020-11-15,472,46831
Northern Ireland,2020-11-14,511,46359
Northern Ireland,2020-11-13,607,45848
Northern Ireland,2020-11-12,548,45241
Northern Ireland,2020-11-11,791,44693
Northern Ireland,2020-11-10,514,43902
Northern Ireland,2020-11-09,471,43388
Northern Ireland,2020-11-08,420,42917
Northern Ireland,2020-11-07,528,42497
Northern Ireland,2020-11-06,595,41969
Northern Ireland,2020-11-05,516,41374
Northern Ireland,2020-11-04,679,40858
Northern Ireland,2020-11-03,570,40179
Northern Ireland,2020-11-02,493,39609
Northern Ireland,2020-11-01,685,39116
Northern Ireland,2020-10-31,649,38431
Northern Ireland,2020-10-30,566,37782
Northern Ireland,2020-10-29,822,37216
Northern Ireland,2020-10-28,840,36394
Northern Ireland,2020-10-27,722,35554
Northern Ireland,2020-10-26,727,34832
Northern Ireland,2020-10-25,896,34105
Northern Ireland,2020-10-24,923,33209
Northern Ireland,2020-10-23,1252,32286
Northern Ireland,2020-10-22,1042,31034
Northern Ireland,2020-10-21,1039,29992
Northern Ireland,2020-10-20,913,28953
Northern Ireland,2020-10-19,820,28040
Northern Ireland,2020-10-18,1012,27220
Northern Ireland,2020-10-17,1031,26208
Northern Ireland,2020-10-16,1299,25177
Northern Ireland,2020-10-15,763,23878
Northern Ireland,2020-10-14,1217,23115
Northern Ireland,2020-10-13,863,21898
Northern Ireland,2020-10-12,877,21035
Northern Ireland,2020-10-11,1066,20158
Northern Ireland,2020-10-10,902,19092
Northern Ireland,2020-10-09,1080,18190
Northern Ireland,2020-10-08,923,17110
Northern Ireland,2020-10-07,828,16187
Northern Ireland,2020-10-06,669,15359
Northern Ireland,2020-10-05,616,14690
Northern Ireland,2020-10-04,462,14074
Northern Ireland,2020-10-03,726,13612
Northern Ireland,2020-10-02,934,12886
Northern Ireland,2020-10-01,259,11952
Northern Ireland,2020-09-30,424,11693
Northern Ireland,2020-09-29,320,11269
Northern Ireland,2020-09-28,220,10949
Northern Ireland,2020-09-27,187,10729
Northern Ireland,2020-09-26,319,10542
Northern Ireland,2020-09-25,273,10223
Northern Ireland,2020-09-24,189,9950
Northern Ireland,2020-09-23,220,9761
Northern Ireland,2020-09-22,75,9541
Northern Ireland,2020-09-21,125,9466
Northern Ireland,2020-09-20,176,9341
Northern Ireland,2020-09-19,222,9165
Northern Ireland,2020-09-18,163,8943
Northern Ireland,2020-09-17,149,8780
Northern Ireland,2020-09-16,129,8631
Northern Ireland,2020-09-15,79,8502
Northern Ireland,2020-09-14,109,8423
Northern Ireland,2020-09-13,87,8314
Northern Ireland,2020-09-12,104,8227
Northern Ireland,2020-09-11,88,8123
Northern Ireland,2020-09-10,78,8035
Northern Ireland,2020-09-09,49,7957
Northern Ireland,2020-09-08,40,7908
Northern Ireland,2020-09-07,141,7868
Northern Ireland,2020-09-06,106,7727
Northern Ireland,2020-09-05,118,7621
Northern Ireland,2020-09-04,61,7503
Northern Ireland,2020-09-03,77,7442
Northern Ireland,2020-09-02,71,7365
Northern Ireland,2020-09-01,49,7294
Northern Ireland,2020-08-31,58,7245
Northern Ireland,2020-08-30,49,7187
Northern Ireland,2020-08-29,89,7138
Northern Ireland,2020-08-28,85,7049
Northern Ireland,2020-08-27,69,6964
Northern Ireland,2020-08-26,72,6895
Northern Ireland,2020-08-25,47,6823
Northern Ireland,2020-08-24,10,6776
Northern Ireland,2020-08-23,119,6766
Northern Ireland,2020-08-22,71,6647
Northern Ireland,2020-08-21,20,6576
Northern Ireland,2020-08-20,51,6556
Northern Ireland,2020-08-19,34,6505
Northern Ireland,2020-08-18,41,6471
Northern Ireland,2020-08-17,39,6430
Northern Ireland,2020-08-16,27,6391
Northern Ireland,2020-08-15,65,6364
Northern Ireland,2020-08-14,74,6299
Northern Ireland,2020-08-13,8,6225
Northern Ireland,2020-08-12,29,6217
Northern Ireland,2020-08-11,48,6188
Northern Ireland,2020-08-10,0,6140
Northern Ireland,2020-08-09,0,6064
Northern Ireland,2020-08-08,0,6064
Northern Ireland,2020-08-07,15,6064
Northern Ireland,2020-08-06,43,6049
Northern Ireland,2020-08-05,10,6006
Northern Ireland,2020-08-04,8,5996
Northern Ireland,2020-08-03,0,5988
Northern Ireland,2020-08-02,0,5948
Northern Ireland,2020-08-01,0,5948
Northern Ireland,2020-07-31,10,5948
Northern Ireland,2020-07-30,8,5938
Northern Ireland,2020-07-29,9,5930
Northern Ireland,2020-07-28,9,5921
Northern Ireland,2020-07-27,0,5912
Northern Ireland,2020-07-26,0,5891
Northern Ireland,2020-07-25,0,5891
Northern Ireland,2020-07-24,15,5891
Northern Ireland,2020-07-23,8,5876
Northern Ireland,2020-07-22,9,5868
Northern Ireland,2020-07-21,2,5859
Northern Ireland,2020-07-20,0,5857
Northern Ireland,2020-07-19,0,5834
Northern Ireland,2020-07-18,0,5834
Northern Ireland,2020-07-17,19,5834
Northern Ireland,2020-07-16,16,5815
Northern Ireland,2020-07-15,9,5799
Northern Ireland,2020-07-14,2,5790
Northern Ireland,2020-07-13,0,5788
Northern Ireland,2020-07-12,0,5772
Northern Ireland,2020-07-11,0,5772
Northern Ireland,2020-07-10,4,5772
Northern Ireland,2020-07-09,3,5768
Northern Ireland,2020-07-08,4,5765
Northern Ireland,2020-07-07,5,5761
Northern Ireland,2020-07-06,0,5756
Northern Ireland,2020-07-05,0,5747
Northern Ireland,2020-07-04,0,5747
Northern Ireland,2020-07-03,4,5747
Northern Ireland,2020-07-02,7,5768
Northern Ireland,2020-07-01,1,5761
Northern Ireland,2020-06-30,3,5760
Northern Ireland,2020-06-29,6,5757
Northern Ireland,2020-06-28,1,5751
Northern Ireland,2020-06-27,2,5750
Northern Ireland,2020-06-26,4,5748
Northern Ireland,2020-06-25,1,4874
Northern Ireland,2020-06-24,2,4873
Northern Ireland,2020-06-23,0,4871
Northern Ireland,2020-06-22,1,4871
Northern Ireland,2020-06-21,4,4870
Northern Ireland,2020-06-20,0,4866
Northern Ireland,2020-06-19,3,4866
Northern Ireland,2020-06-18,1,4863
Northern Ireland,2020-06-17,8,4862
Northern Ireland,2020-06-16,2,4854
Northern Ireland,2020-06-15,4,4852
Northern Ireland,2020-06-14,7,4848
Northern Ireland,2020-06-13,3,4841
Northern Ireland,2020-06-12,16,4838
Northern Ireland,2020-06-11,4,4822
Northern Ireland,2020-06-10,13,4818
Northern Ireland,2020-06-09,3,4805
Northern Ireland,2020-06-08,6,4802
Northern Ireland,2020-06-07,6,4796
Northern Ireland,2020-06-06,14,4790
Northern Ireland,2020-06-05,3,4776
Northern Ireland,2020-06-04,33,4773
Northern Ireland,2020-06-03,8,4740
Northern Ireland,2020-06-02,4,4732
Northern Ireland,2020-06-01,12,4728
Northern Ireland,2020-05-31,7,4716
Northern Ireland,2020-05-30,13,4709
Northern Ireland,2020-05-29,17,4696
Northern Ireland,2020-05-28,16,4679
Northern Ireland,2020-05-27,26,4663
Northern Ireland,2020-05-26,28,4637
Northern Ireland,2020-05-25,39,4609
Northern Ireland,2020-05-24,25,4570
Northern Ireland,2020-05-23,41,4545
Northern Ireland,2020-05-22,23,4504
Northern Ireland,2020-05-21,42,4481
Northern Ireland,2020-05-20,18,4439
Northern Ireland,2020-05-19,20,4421
Northern Ireland,2020-05-18,16,4401
Northern Ireland,2020-05-17,28,4385
Northern Ireland,2020-05-16,40,4357
Northern Ireland,2020-05-15,26,4317
Northern Ireland,2020-05-14,38,4291
Northern Ireland,2020-05-13,60,4253
Northern Ireland,2020-05-12,44,4193
Northern Ireland,2020-05-11,30,4149
Northern Ireland,2020-05-10,41,4119
Northern Ireland,2020-05-09,56,4078
Northern Ireland,2020-05-08,38,4022
Northern Ireland,2020-05-07,50,3984
Northern Ireland,2020-05-06,53,3934
Northern Ireland,2020-05-05,45,3881
Northern Ireland,2020-05-04,69,3836
Northern Ireland,2020-05-03,78,3767
Northern Ireland,2020-05-02,66,3689
Northern Ireland,2020-05-01,87,3623
Northern Ireland,2020-04-30,73,3536
Northern Ireland,2020-04-29,55,3463
Northern Ireland,2020-04-28,34,3408
Northern Ireland,2020-04-27,66,3374
Northern Ireland,2020-04-26,82,3308
Northern Ireland,2020-04-25,104,3226
Northern Ireland,2020-04-24,106,3122
Northern Ireland,2020-04-23,142,3016
Northern Ireland,2020-04-22,116,2874
Northern Ireland,2020-04-21,30,2758
Northern Ireland,2020-04-20,83,2728
Northern Ireland,2020-04-19,159,2645
Northern Ireland,2020-04-18,148,2486
Northern Ireland,2020-04-17,137,2338
Northern Ireland,2020-04-16,113,2201
Northern Ireland,2020-04-15,121,2088
Northern Ireland,2020-04-14,85,1967
Northern Ireland,2020-04-13,76,1882
Northern Ireland,2020-04-12,89,1806
Northern Ireland,2020-04-11,128,1717
Northern Ireland,2020-04-10,112,1589
Northern Ireland,2020-04-09,138,1477
Northern Ireland,2020-04-08,84,1339
Northern Ireland,2020-04-07,97,1255
Northern Ireland,2020-04-06,69,1158
Northern Ireland,2020-04-05,91,1089
Northern Ireland,2020-04-04,94,998
Northern Ireland,2020-04-03,130,904
Northern Ireland,2020-04-02,85,774
Northern Ireland,2020-04-01,103,689
Northern Ireland,2020-03-31,53,586
Northern Ireland,2020-03-30,123,533
Northern Ireland,2020-03-29,86,410
Northern Ireland,2020-03-28,49,324
Northern Ireland,2020-03-27,34,275
Northern Ireland,2020-03-26,32,241
Northern Ireland,2020-03-25,37,209
Northern Ireland,2020-03-24,24,172
Northern Ireland,2020-03-23,20,148
Northern Ireland,2020-03-22,20,128
Northern Ireland,2020-03-21,22,108
Northern Ireland,2020-03-20,9,86
Northern Ireland,2020-03-19,9,77
Northern Ireland,2020-03-18,6,68
Northern Ireland,2020-03-17,10,62
Northern Ireland,2020-03-16,7,52
Northern Ireland,2020-03-15,11,45
Northern Ireland,2020-03-14,5,34
Northern Ireland,2020-03-13,10,29
Northern Ireland,2020-03-12,1,19
Northern Ireland,2020-03-11,2,18
Northern Ireland,2020-03-10,0,16
Northern Ireland,2020-03-09,3,12
Northern Ireland,2020-03-08,5,9
Northern Ireland,2020-03-07,2,4
Northern Ireland,2020-03-06,2,2
Northern Ireland,2020-03-05,0,
Northern Ireland,2020-03-04,0,
Northern Ireland,2020-03-03,0,
Northern Ireland,2020-03-02,0,
Northern Ireland,2020-03-01,0,
Northern Ireland,2020-02-29,0,
Northern Ireland,2020-02-28,0,
Northern Ireland,2020-02-27,0,
Northern Ireland,2020-02-26,0,
Northern Ireland,2020-02-25,0,
Northern Ireland,2020-02-24,0,
Northern Ireland,2020-02-23,0,
Northern Ireland,2020-02-22,0,
Northern Ireland,2020-02-21,0,
Northern Ireland,2020-02-20,0,
Northern Ireland,2020-02-19,0,
Northern Ireland,2020-02-18,0,
Northern Ireland,2020-02-17,0,
Northern Ireland,2020-02-16,0,
Northern Ireland,2020-02-15,0,
Northern Ireland,2020-02-14,0,
Northern Ireland,2020-02-13,0,
Northern Ireland,2020-02-12,0,
Northern Ireland,2020-02-11,0,
Northern Ireland,2020-02-10,0,
Northern Ireland,2020-02-09,0,
Northern Ireland,2020-02-08,0,
Northern Ireland,2020-02-07,0,
Northern Ireland,2020-02-06,0,
Northern Ireland,2020-02-05,0,
Northern Ireland,2020-02-04,0,
Northern Ireland,2020-02-03,0,
Northern Ireland,2020-02-02,0,
Northern Ireland,2020-02-01,0,
Northern Ireland,2020-01-31,0,
Northern Ireland,2020-01-30,0,
Northern Ireland,2020-01-29,0,
Northern Ireland,2020-01-28,0,
Northern Ireland,2020-01-27,0,
Northern Ireland,2020-01-26,0,
Northern Ireland,2020-01-25,0,
Northern Ireland,2020-01-24,0,
Northern Ireland,2020-01-23,0,
Northern Ireland,2020-01-22,0,
Northern Ireland,2020-01-21,0,
Northern Ireland,2020-01-20,0,
Northern Ireland,2020-01-19,0,
Northern Ireland,2020-01-18,0,
Northern Ireland,2020-01-17,0,
Northern Ireland,2020-01-16,0,
Northern Ireland,2020-01-15,0,
Northern Ireland,2020-01-14,0,
Northern Ireland,2020-01-13,0,
Northern Ireland,2020-01-12,0,
Northern Ireland,2020-01-11,0,
Northern Ireland,2020-01-10,0,
Northern Ireland,2020-01-09,0,
Northern Ireland,2020-01-08,0,
Northern Ireland,2020-01-07,0,
Northern Ireland,2020-01-06,0,
Northern Ireland,2020-01-05,0,
Northern Ireland,2020-01-04,0,
Northern Ireland,2020-01-03,0,
Scotland,2021-03-02,542,203012
Scotland,2021-03-01,386,202470
Scotland,2021-02-28,572,202084
Scotland,2021-02-27,525,201512
Scotland,2021-02-26,581,200987
Scotland,2021-02-25,769,200406
Scotland,2021-02-24,798,199637
Scotland,2021-02-23,655,198839
Scotland,2021-02-22,715,198184
Scotland,2021-02-21,827,197469
Scotland,2021-02-20,803,196642
Scotland,2021-02-19,885,195839
Scotland,2021-02-18,685,194954
Scotland,2021-02-17,1121,194269
Scotland,2021-02-16,773,193148
Scotland,2021-02-15,559,192375
Scotland,2021-02-14,903,191816
Scotland,2021-02-13,908,190913
Scotland,2021-02-12,830,190005
Scotland,2021-02-11,830,189175
Scotland,2021-02-10,803,188345
Scotland,2021-02-09,822,187542
Scotland,2021-02-08,928,186720
Scotland,2021-02-07,584,185792
Scotland,2021-02-06,895,185208
Scotland,2021-02-05,895,184313
Scotland,2021-02-04,1149,183418
Scotland,2021-02-03,978,182269
Scotland,2021-02-02,758,181291
Scotland,2021-02-01,848,180533
Scotland,2021-01-31,1003,179685
Scotland,2021-01-30,994,178682
Scotland,2021-01-29,1155,177688
Scotland,2021-01-28,1201,176533
Scotland,2021-01-27,1330,175332
Scotland,2021-01-26,1049,174002
Scotland,2021-01-25,752,172953
Scotland,2021-01-24,1195,172201
Scotland,2021-01-23,1307,171006
Scotland,2021-01-22,1480,169699
Scotland,2021-01-21,1636,168219
Scotland,2021-01-20,1656,166583
Scotland,2021-01-19,1165,164927
Scotland,2021-01-18,1429,163762
Scotland,2021-01-17,1341,162333
Scotland,2021-01-16,1753,160992
Scotland,2021-01-15,2160,159239
Scotland,2021-01-14,1707,157079
Scotland,2021-01-13,1949,155372
Scotland,2021-01-12,1875,153423
Scotland,2021-01-11,1782,151548
Scotland,2021-01-10,1877,149766
Scotland,2021-01-09,1865,147889
Scotland,2021-01-08,2309,146024
Scotland,2021-01-07,2649,143715
Scotland,2021-01-06,2039,141066
Scotland,2021-01-05,2529,139027
Scotland,2021-01-04,1905,136498
Scotland,2021-01-03,2464,134593
Scotland,2021-01-02,2137,132129
Scotland,2021-01-01,2539,129992
Scotland,2020-12-31,2622,127453
Scotland,2020-12-30,2045,124831
Scotland,2020-12-29,1895,122786
Scotland,2020-12-28,967,120891
Scotland,2020-12-27,740,119924
Scotland,2020-12-26,1149,119184
Scotland,2020-12-25,1165,118035
Scotland,2020-12-24,1314,116870
Scotland,2020-12-23,1190,115556
Scotland,2020-12-22,1316,114366
Scotland,2020-12-21,1504,113050
Scotland,2020-12-20,934,111546
Scotland,2020-12-19,572,110612
Scotland,2020-12-18,744,110040
Scotland,2020-12-17,858,109296
Scotland,2020-12-16,689,108438
Scotland,2020-12-15,845,107749
Scotland,2020-12-14,734,106904
Scotland,2020-12-13,800,106170
Scotland,2020-12-12,1064,105370
Scotland,2020-12-11,1001,104306
Scotland,2020-12-10,933,103305
Scotland,2020-12-09,897,102372
Scotland,2020-12-08,692,101475
Scotland,2020-12-07,677,100783
Scotland,2020-12-06,643,100106
Scotland,2020-12-05,777,99463
Scotland,2020-12-04,966,98686
Scotland,2020-12-03,958,97720
Scotland,2020-12-02,951,96762
Scotland,2020-12-01,754,95811
Scotland,2020-11-30,369,95058
Scotland,2020-11-29,746,94689
Scotland,2020-11-28,788,93943
Scotland,2020-11-27,969,93155
Scotland,2020-11-26,1225,92186
Scotland,2020-11-25,880,90961
Scotland,2020-11-24,771,90081
Scotland,2020-11-23,949,89310
Scotland,2020-11-22,844,88361
Scotland,2020-11-21,887,87517
Scotland,2020-11-20,1018,86630
Scotland,2020-11-19,1089,85612
Scotland,2020-11-18,1264,84523
Scotland,2020-11-17,1248,83259
Scotland,2020-11-16,717,82011
Scotland,2020-11-15,1159,81294
Scotland,2020-11-14,1118,80135
Scotland,2020-11-13,1357,79017
Scotland,2020-11-12,1212,77660
Scotland,2020-11-11,1261,76448
Scotland,2020-11-10,832,75187
Scotland,2020-11-09,912,74355
Scotland,2020-11-08,1115,73443
Scotland,2020-11-07,1596,72328
Scotland,2020-11-06,1072,70732
Scotland,2020-11-05,1216,69660
Scotland,2020-11-04,1433,68444
Scotland,2020-11-03,999,67011
Scotland,2020-11-02,951,66012
Scotland,2020-11-01,1148,65061
Scotland,2020-10-31,1101,63913
Scotland,2020-10-30,1281,62812
Scotland,2020-10-29,1128,61531
Scotland,2020-10-28,1202,60403
Scotland,2020-10-27,1327,59201
Scotland,2020-10-26,1122,57874
Scotland,2020-10-25,1303,56752
Scotland,2020-10-24,1433,55449
Scotland,2020-10-23,1401,54016
Scotland,2020-10-22,1712,52615
Scotland,2020-10-21,1739,50903
Scotland,2020-10-20,1456,49164
Scotland,2020-10-19,993,47708
Scotland,2020-10-18,316,46715
Scotland,2020-10-17,1167,46399
Scotland,2020-10-16,1196,45232
Scotland,2020-10-15,1351,44036
Scotland,2020-10-14,1429,42685
Scotland,2020-10-13,1297,41256
Scotland,2020-10-12,961,39959
Scotland,2020-10-11,956,38998
Scotland,2020-10-10,1009,38042
Scotland,2020-10-09,1246,37033
Scotland,2020-10-08,1027,35787
Scotland,2020-10-07,1054,34760
Scotland,2020-10-06,800,33706
Scotland,2020-10-05,697,32906
Scotland,2020-10-04,758,32209
Scotland,2020-10-03,764,31451
Scotland,2020-10-02,775,30687
Scotland,2020-10-01,668,29912
Scotland,2020-09-30,640,29244
Scotland,2020-09-29,806,28604
Scotland,2020-09-28,222,27798
Scotland,2020-09-27,344,27576
Scotland,2020-09-26,714,27232
Scotland,2020-09-25,558,26518
Scotland,2020-09-24,465,25960
Scotland,2020-09-23,486,25495
Scotland,2020-09-22,383,25009
Scotland,2020-09-21,255,24626
Scotland,2020-09-20,245,24371
Scotland,2020-09-19,350,24126
Scotland,2020-09-18,203,23776
Scotland,2020-09-17,290,23573
Scotland,2020-09-16,267,23283
Scotland,2020-09-15,267,23016
Scotland,2020-09-14,70,22749
Scotland,2020-09-13,244,22679
Scotland,2020-09-12,221,22435
Scotland,2020-09-11,175,22214
Scotland,2020-09-10,161,22039
Scotland,2020-09-09,159,21878
Scotland,2020-09-08,176,21719
Scotland,2020-09-07,146,21543
Scotland,2020-09-06,208,21397
Scotland,2020-09-05,141,21189
Scotland,2020-09-04,159,21048
Scotland,2020-09-03,101,20889
Scotland,2020-09-02,156,20788
Scotland,2020-09-01,154,20632
Scotland,2020-08-31,160,20478
Scotland,2020-08-30,123,20318
Scotland,2020-08-29,88,20195
Scotland,2020-08-28,51,20107
Scotland,2020-08-27,68,20056
Scotland,2020-08-26,67,19988
Scotland,2020-08-25,44,19921
Scotland,2020-08-24,66,19877
Scotland,2020-08-23,83,19811
Scotland,2020-08-22,123,19728
Scotland,2020-08-21,71,19605
Scotland,2020-08-20,77,19534
Scotland,2020-08-19,50,19457
Scotland,2020-08-18,49,19407
Scotland,2020-08-17,26,19358
Scotland,2020-08-16,43,19332
Scotland,2020-08-15,51,19289
Scotland,2020-08-14,65,19238
Scotland,2020-08-13,47,19173
Scotland,2020-08-12,47,19126
Scotland,2020-08-11,52,19079
Scotland,2020-08-10,29,19027
Scotland,2020-08-09,48,18998
Scotland,2020-08-08,60,18950
Scotland,2020-08-07,43,18890
Scotland,2020-08-06,66,18847
Scotland,2020-08-05,64,18781
Scotland,2020-08-04,23,18717
Scotland,2020-08-03,18,18694
Scotland,2020-08-02,31,18676
Scotland,2020-08-01,18,18645
Scotland,2020-07-31,30,18627
Scotland,2020-07-30,17,18597
Scotland,2020-07-29,22,18580
Scotland,2020-07-28,4,18558
Scotland,2020-07-27,3,18554
Scotland,2020-07-26,4,18551
Scotland,2020-07-25,27,18547
Scotland,2020-07-24,20,18520
Scotland,2020-07-23,16,18500
Scotland,2020-07-22,10,18484
Scotland,2020-07-21,22,18474
Scotland,2020-07-20,7,18452
Scotland,2020-07-19,23,18445
Scotland,2020-07-18,21,18422
Scotland,2020-07-17,17,18401
Scotland,2020-07-16,11,18384
Scotland,2020-07-15,5,18373
Scotland,2020-07-14,3,18368
Scotland,2020-07-13,6,18365
Scotland,2020-07-12,19,18359
Scotland,2020-07-11,7,18340
Scotland,2020-07-10,18,18333
Scotland,2020-07-09,6,18315
Scotland,2020-07-08,7,18309
Scotland,2020-07-07,2,18302
Scotland,2020-07-06,4,18300
Scotland,2020-07-05,9,18296
Scotland,2020-07-04,11,18287
Scotland,2020-07-03,12,18276
Scotland,2020-07-02,5,18264
Scotland,2020-07-01,8,18259
Scotland,2020-06-30,10,18251
Scotland,2020-06-29,5,18241
Scotland,2020-06-28,8,18236
Scotland,2020-06-27,15,18228
Scotland,2020-06-26,17,18213
Scotland,2020-06-25,5,18196
Scotland,2020-06-24,9,18191
Scotland,2020-06-23,12,18182
Scotland,2020-06-22,14,18170
Scotland,2020-06-21,26,18156
Scotland,2020-06-20,26,18130
Scotland,2020-06-19,27,18104
Scotland,2020-06-18,11,18077
Scotland,2020-06-17,21,18066
Scotland,2020-06-16,15,18045
Scotland,2020-06-15,29,18030
Scotland,2020-06-14,25,15755
Scotland,2020-06-13,21,15730
Scotland,2020-06-12,27,15709
Scotland,2020-06-11,17,15682
Scotland,2020-06-10,12,15665
Scotland,2020-06-09,14,15653
Scotland,2020-06-08,18,15639
Scotland,2020-06-07,18,15621
Scotland,2020-06-06,21,15603
Scotland,2020-06-05,29,15582
Scotland,2020-06-04,49,15553
Scotland,2020-06-03,33,15504
Scotland,2020-06-02,53,15471
Scotland,2020-06-01,18,15418
Scotland,2020-05-31,18,15400
Scotland,2020-05-30,55,15382
Scotland,2020-05-29,39,15327
Scotland,2020-05-28,48,15288
Scotland,2020-05-27,55,15240
Scotland,2020-05-26,29,15185
Scotland,2020-05-25,55,15156
Scotland,2020-05-24,60,15101
Scotland,2020-05-23,72,15041
Scotland,2020-05-22,113,14969
Scotland,2020-05-21,105,14856
Scotland,2020-05-20,96,14751
Scotland,2020-05-19,61,14655
Scotland,2020-05-18,57,14594
Scotland,2020-05-17,90,14537
Scotland,2020-05-16,187,14447
Scotland,2020-05-15,143,14260
Scotland,2020-05-14,188,14117
Scotland,2020-05-13,166,13929
Scotland,2020-05-12,136,13763
Scotland,2020-05-11,141,13627
Scotland,2020-05-10,181,13486
Scotland,2020-05-09,156,13305
Scotland,2020-05-08,225,13149
Scotland,2020-05-07,215,12924
Scotland,2020-05-06,272,12709
Scotland,2020-05-05,171,12437
Scotland,2020-05-04,169,12266
Scotland,2020-05-03,170,12097
Scotland,2020-05-02,273,11927
Scotland,2020-05-01,301,11654
Scotland,2020-04-30,319,11353
Scotland,2020-04-29,313,11034
Scotland,2020-04-28,200,10721
Scotland,2020-04-27,197,10521
Scotland,2020-04-26,273,10324
Scotland,2020-04-25,354,10051
Scotland,2020-04-24,288,9697
Scotland,2020-04-23,371,9409
Scotland,2020-04-22,366,9038
Scotland,2020-04-21,222,8672
Scotland,2020-04-20,263,8450
Scotland,2020-04-19,367,8187
Scotland,2020-04-18,411,7820
Scotland,2020-04-17,307,7409
Scotland,2020-04-16,354,7102
Scotland,2020-04-15,390,6748
Scotland,2020-04-14,291,6358
Scotland,2020-04-13,155,6067
Scotland,2020-04-12,322,5912
Scotland,2020-04-11,315,5590
Scotland,2020-04-10,318,5275
Scotland,2020-04-09,392,4957
Scotland,2020-04-08,336,4565
Scotland,2020-04-07,268,4229
Scotland,2020-04-06,255,3961
Scotland,2020-04-05,361,3706
Scotland,2020-04-04,344,3345
Scotland,2020-04-03,399,3001
Scotland,2020-04-02,292,2602
Scotland,2020-04-01,317,2310
Scotland,2020-03-31,430,1993
Scotland,2020-03-30,179,1563
Scotland,2020-03-29,139,1384
Scotland,2020-03-28,186,1245
Scotland,2020-03-27,165,1059
Scotland,2020-03-26,175,894
Scotland,2020-03-25,135,719
Scotland,2020-03-24,85,584
Scotland,2020-03-23,83,499
Scotland,2020-03-22,43,416
Scotland,2020-03-21,51,373
Scotland,2020-03-20,56,322
Scotland,2020-03-19,39,266
Scotland,2020-03-18,32,227
Scotland,2020-03-17,24,195
Scotland,2020-03-16,18,171
Scotland,2020-03-15,32,153
Scotland,2020-03-14,36,121
Scotland,2020-03-13,25,85
Scotland,2020-03-12,24,60
Scotland,2020-03-11,9,36
Scotland,2020-03-10,4,27
Scotland,2020-03-09,5,23
Scotland,2020-03-08,2,18
Scotland,2020-03-07,5,16
Scotland,2020-03-06,5,11
Scotland,2020-03-05,3,6
Scotland,2020-03-04,2,3
Scotland,2020-03-03,0,1
Scotland,2020-03-02,1,1
Scotland,2020-03-01,0,
Scotland,2020-02-29,0,
Scotland,2020-02-28,0,
Scotland,2020-02-27,0,
Scotland,2020-02-26,0,
Scotland,2020-02-25,0,
Scotland,2020-02-24,0,
Scotland,2020-02-23,0,
Scotland,2020-02-22,0,
Scotland,2020-02-21,0,
Scotland,2020-02-20,0,
Scotland,2020-02-19,0,
Scotland,2020-02-18,0,
Scotland,2020-02-17,0,
Scotland,2020-02-16,0,
Scotland,2020-02-15,0,
Scotland,2020-02-14,0,
Scotland,2020-02-13,0,
Scotland,2020-02-12,0,
Scotland,2020-02-11,0,
Scotland,2020-02-10,0,
Scotland,2020-02-09,0,
Scotland,2020-02-08,0,
Scotland,2020-02-07,0,
Scotland,2020-02-06,0,
Scotland,2020-02-05,0,
Scotland,2020-02-04,0,
Scotland,2020-02-03,0,
Scotland,2020-02-02,0,
Scotland,2020-02-01,0,
Scotland,2020-01-31,0,
Scotland,2020-01-30,0,
Scotland,2020-01-29,0,
Scotland,2020-01-28,0,
Scotland,2020-01-27,0,
Scotland,2020-01-26,0,
Scotland,2020-01-25,0,
Scotland,2020-01-24,0,
Scotland,2020-01-23,0,
Scotland,2020-01-22,0,
Scotland,2020-01-21,0,
Scotland,2020-01-20,0,
Scotland,2020-01-19,0,
Scotland,2020-01-18,0,
Scotland,2020-01-17,0,
Scotland,2020-01-16,0,
Scotland,2020-01-15,0,
Scotland,2020-01-14,0,
Scotland,2020-01-13,0,
Scotland,2020-01-12,0,
Scotland,2020-01-11,0,
Scotland,2020-01-10,0,
Scotland,2020-01-09,0,
Scotland,2020-01-08,0,
Scotland,2020-01-07,0,
Scotland,2020-01-06,0,
Scotland,2020-01-05,0,
Scotland,2020-01-04,0,
Scotland,2020-01-03,0,
Wales,2021-03-02,170,203988
Wales,2021-03-01,193,203818
Wales,2021-02-28,247,203625
Wales,2021-02-27,198,203378
Wales,2021-02-26,308,203180
Wales,2021-02-25,312,202872
Wales,2021-02-24,236,202560
Wales,2021-02-23,317,202324
Wales,2021-02-22,319,202007
Wales,2021-02-21,336,201688
Wales,2021-02-20,363,201352
Wales,2021-02-19,533,200989
Wales,2021-02-18,290,200456
Wales,2021-02-17,374,200166
Wales,2021-02-16,275,199793
Wales,2021-02-15,363,199518
Wales,2021-02-14,394,199155
Wales,2021-02-13,400,198761
Wales,2021-02-12,608,198362
Wales,2021-02-11,410,197754
Wales,2021-02-10,323,197344
Wales,2021-02-09,351,197021
Wales,2021-02-08,610,196670
Wales,2021-02-07,461,196060
Wales,2021-02-06,675,195599
Wales,2021-02-05,399,194924
Wales,2021-02-04,544,194525
Wales,2021-02-03,455,193981
Wales,2021-02-02,614,193526
Wales,2021-02-01,630,192912
Wales,2021-01-31,605,192282
Wales,2021-01-30,737,191677
Wales,2021-01-29,546,190940
Wales,2021-01-28,705,190394
Wales,2021-01-27,537,189689
Wales,2021-01-26,570,189152
Wales,2021-01-25,872,188583
Wales,2021-01-24,796,187711
Wales,2021-01-23,1079,186915
Wales,2021-01-22,801,185836
Wales,2021-01-21,1153,185035
Wales,2021-01-20,1283,183882
Wales,2021-01-19,1106,182599
Wales,2021-01-18,1332,181493
Wales,2021-01-17,1172,180161
Wales,2021-01-16,1129,178989
Wales,2021-01-15,1808,177864
Wales,2021-01-14,1644,176056
Wales,2021-01-13,1533,174412
Wales,2021-01-12,1332,172879
Wales,2021-01-11,1793,171547
Wales,2021-01-10,1660,169754
Wales,2021-01-09,2373,168094
Wales,2021-01-08,2487,165721
Wales,2021-01-07,1718,163234
Wales,2021-01-06,2238,161516
Wales,2021-01-05,2069,159278
Wales,2021-01-04,1898,157209
Wales,2021-01-03,4011,155311
Wales,2021-01-02,2764,151300
Wales,2021-01-01,0,148537
Wales,2020-12-31,1831,148537
Wales,2020-12-30,2281,146706
Wales,2020-12-29,2510,144425
Wales,2020-12-28,2273,141915
Wales,2020-12-27,4142,139642
Wales,2020-12-26,2237,135500
Wales,2020-12-25,0,133263
Wales,2020-12-24,2161,133263
Wales,2020-12-23,3013,131102
Wales,2020-12-22,2761,128089
Wales,2020-12-21,2563,125329
Wales,2020-12-20,2334,122766
Wales,2020-12-19,3065,120432
Wales,2020-12-18,2801,117367
Wales,2020-12-17,11468,114566
Wales,2020-12-16,530,103098
Wales,2020-12-15,615,102568
Wales,2020-12-14,1228,101953
Wales,2020-12-13,0,100725
Wales,2020-12-12,2494,100725
Wales,2020-12-11,2234,98232
Wales,2020-12-10,1968,95998
Wales,2020-12-09,2238,94030
Wales,2020-12-08,780,91792
Wales,2020-12-07,2021,91013
Wales,2020-12-06,1916,88992
Wales,2020-12-05,1645,87077
Wales,2020-12-04,1471,85432
Wales,2020-12-03,1473,83961
Wales,2020-12-02,1480,82489
Wales,2020-12-01,667,81009
Wales,2020-11-30,802,80342
Wales,2020-11-29,1004,79540
Wales,2020-11-28,1445,78536
Wales,2020-11-27,1105,77091
Wales,2020-11-26,1251,75986
Wales,2020-11-25,907,74735
Wales,2020-11-24,595,73828
Wales,2020-11-23,892,73233
Wales,2020-11-22,808,72341
Wales,2020-11-21,1016,71533
Wales,2020-11-20,1020,70517
Wales,2020-11-19,1048,69497
Wales,2020-11-18,638,68449
Wales,2020-11-17,705,67811
Wales,2020-11-16,892,67106
Wales,2020-11-15,1333,66214
Wales,2020-11-14,933,64881
Wales,2020-11-13,797,63948
Wales,2020-11-12,867,63151
Wales,2020-11-11,928,62284
Wales,2020-11-10,444,61356
Wales,2020-11-09,931,60912
Wales,2020-11-08,744,59981
Wales,2020-11-07,958,59237
Wales,2020-11-06,1352,58279
Wales,2020-11-05,1272,56927
Wales,2020-11-04,1202,55658
Wales,2020-11-03,1119,54456
Wales,2020-11-02,1646,53337
Wales,2020-11-01,819,51691
Wales,2020-10-31,1301,50872
Wales,2020-10-30,1737,49571
Wales,2020-10-29,1375,47834
Wales,2020-10-28,1414,46459
Wales,2020-10-27,1207,45046
Wales,2020-10-26,1158,43839
Wales,2020-10-25,1104,42681
Wales,2020-10-24,1324,41577
Wales,2020-10-23,761,40253
Wales,2020-10-22,1134,39491
Wales,2020-10-21,962,38361
Wales,2020-10-20,1148,37400
Wales,2020-10-19,626,36253
Wales,2020-10-18,950,35628
Wales,2020-10-17,674,34679
Wales,2020-10-16,979,34005
Wales,2020-10-15,727,33041
Wales,2020-10-14,946,32316
Wales,2020-10-13,764,31370
Wales,2020-10-12,487,30608
Wales,2020-10-11,467,30121
Wales,2020-10-10,627,29654
Wales,2020-10-09,766,29028
Wales,2020-10-08,638,28262
Wales,2020-10-07,752,27624
Wales,2020-10-06,425,26872
Wales,2020-10-05,596,26447
Wales,2020-10-04,432,25852
Wales,2020-10-03,576,25420
Wales,2020-10-02,462,24845
Wales,2020-10-01,398,24383
Wales,2020-09-30,388,23985
Wales,2020-09-29,366,23597
Wales,2020-09-28,286,23231
Wales,2020-09-27,362,22945
Wales,2020-09-26,370,22584
Wales,2020-09-25,320,22215
Wales,2020-09-24,348,21896
Wales,2020-09-23,389,21548
Wales,2020-09-22,281,21159
Wales,2020-09-21,234,20878
Wales,2020-09-20,199,20644
Wales,2020-09-19,212,20445
Wales,2020-09-18,185,20233
Wales,2020-09-17,168,20048
Wales,2020-09-16,199,19880
Wales,2020-09-15,110,19681
Wales,2020-09-14,183,19573
Wales,2020-09-13,162,19390
Wales,2020-09-12,164,19228
Wales,2020-09-11,133,19064
Wales,2020-09-10,102,18931
Wales,2020-09-09,165,18829
Wales,2020-09-08,150,18664
Wales,2020-09-07,133,18514
Wales,2020-09-06,98,18381
Wales,2020-09-05,77,18283
Wales,2020-09-04,51,18206
Wales,2020-09-03,50,18155
Wales,2020-09-02,42,18105
Wales,2020-09-01,51,18063
Wales,2020-08-31,39,18012
Wales,2020-08-30,56,17973
Wales,2020-08-29,40,17917
Wales,2020-08-28,34,17877
Wales,2020-08-27,35,17843
Wales,2020-08-26,34,17808
Wales,2020-08-25,28,17774
Wales,2020-08-24,19,17746
Wales,2020-08-23,20,17727
Wales,2020-08-22,34,17707
Wales,2020-08-21,34,17673
Wales,2020-08-20,19,17639
Wales,2020-08-19,21,17620
Wales,2020-08-18,24,17599
Wales,2020-08-17,14,17575
Wales,2020-08-16,18,17561
Wales,2020-08-15,27,17543
Wales,2020-08-14,18,17516
Wales,2020-08-13,15,17499
Wales,2020-08-12,8,17484
Wales,2020-08-11,13,17476
Wales,2020-08-10,12,17463
Wales,2020-08-09,26,17451
Wales,2020-08-08,19,17425
Wales,2020-08-07,17,17406
Wales,2020-08-06,15,17389
Wales,2020-08-05,14,17374
Wales,2020-08-04,22,17361
Wales,2020-08-03,24,17339
Wales,2020-08-02,37,17315
Wales,2020-08-01,21,17279
Wales,2020-07-31,26,17258
Wales,2020-07-30,9,17232
Wales,2020-07-29,32,17223
Wales,2020-07-28,21,17191
Wales,2020-07-27,45,17170
Wales,2020-07-26,22,17125
Wales,2020-07-25,30,17105
Wales,2020-07-24,45,17075
Wales,2020-07-23,43,17030
Wales,2020-07-22,22,16987
Wales,2020-07-21,22,16965
Wales,2020-07-20,15,16943
Wales,2020-07-19,31,16928
Wales,2020-07-18,10,16897
Wales,2020-07-17,16,16887
Wales,2020-07-16,18,16871
Wales,2020-07-15,18,16854
Wales,2020-07-14,21,16836
Wales,2020-07-13,11,15973
Wales,2020-07-12,16,15962
Wales,2020-07-11,7,15946
Wales,2020-07-10,10,15939
Wales,2020-07-09,16,15929
Wales,2020-07-08,13,15913
Wales,2020-07-07,2,15900
Wales,2020-07-06,8,15898
Wales,2020-07-05,15,15890
Wales,2020-07-04,34,15875
Wales,2020-07-03,26,15841
Wales,2020-07-02,41,15815
Wales,2020-07-01,32,15775
Wales,2020-06-30,26,15743
Wales,2020-06-29,116,15717
Wales,2020-06-28,25,15602
Wales,2020-06-27,46,15577
Wales,2020-06-26,65,15531
Wales,2020-06-25,125,15466
Wales,2020-06-24,47,15341
Wales,2020-06-23,51,15295
Wales,2020-06-22,71,15197
Wales,2020-06-21,100,15126
Wales,2020-06-20,25,15026
Wales,2020-06-19,31,15001
Wales,2020-06-18,48,14970
Wales,2020-06-17,53,14922
Wales,2020-06-16,65,14869
Wales,2020-06-15,62,14804
Wales,2020-06-14,39,14742
Wales,2020-06-13,45,14703
Wales,2020-06-12,77,14658
Wales,2020-06-11,63,14581
Wales,2020-06-10,38,14518
Wales,2020-06-09,42,14480
Wales,2020-06-08,42,14438
Wales,2020-06-07,40,14396
Wales,2020-06-06,42,14356
Wales,2020-06-05,76,14314
Wales,2020-06-04,35,14238
Wales,2020-06-03,82,14203
Wales,2020-06-02,67,14121
Wales,2020-06-01,59,14054
Wales,2020-05-31,82,13995
Wales,2020-05-30,86,13913
Wales,2020-05-29,102,13827
Wales,2020-05-28,72,13725
Wales,2020-05-27,97,13653
Wales,2020-05-26,141,13556
Wales,2020-05-25,106,13415
Wales,2020-05-24,140,13309
Wales,2020-05-23,185,13169
Wales,2020-05-22,138,12984
Wales,2020-05-21,166,12846
Wales,2020-05-20,110,12680
Wales,2020-05-19,166,12570
Wales,2020-05-18,101,12404
Wales,2020-05-17,162,12304
Wales,2020-05-16,183,12142
Wales,2020-05-15,126,11960
Wales,2020-05-14,128,11834
Wales,2020-05-13,133,11706
Wales,2020-05-12,105,11573
Wales,2020-05-11,124,11468
Wales,2020-05-10,223,11344
Wales,2020-05-09,118,11121
Wales,2020-05-08,152,11003
Wales,2020-05-07,87,10851
Wales,2020-05-06,95,10764
Wales,2020-05-05,145,10669
Wales,2020-05-04,195,10524
Wales,2020-05-03,174,10329
Wales,2020-05-02,183,10155
Wales,2020-05-01,160,9972
Wales,2020-04-30,183,9812
Wales,2020-04-29,117,9629
Wales,2020-04-28,232,9512
Wales,2020-04-27,203,9280
Wales,2020-04-26,178,9078
Wales,2020-04-25,299,8900
Wales,2020-04-24,243,8601
Wales,2020-04-23,234,8358
Wales,2020-04-22,274,8124
Wales,2020-04-21,304,7850
Wales,2020-04-20,276,7546
Wales,2020-04-19,334,7270
Wales,2020-04-18,292,6936
Wales,2020-04-17,244,6645
Wales,2020-04-16,284,6401
Wales,2020-04-15,272,6118
Wales,2020-04-14,238,5848
Wales,2020-04-13,313,5610
Wales,2020-04-12,367,5297
Wales,2020-04-11,340,4930
Wales,2020-04-10,502,4591
Wales,2020-04-09,16,4089
Wales,2020-04-08,283,4073
Wales,2020-04-07,291,3790
Wales,2020-04-06,302,3499
Wales,2020-04-05,344,3197
Wales,2020-04-04,387,2853
Wales,2020-04-03,345,2466
Wales,2020-04-02,284,2121
Wales,2020-04-01,274,1837
Wales,2020-03-31,112,1563
Wales,2020-03-30,210,1451
Wales,2020-03-29,148,1241
Wales,2020-03-28,172,1093
Wales,2020-03-27,180,921
Wales,2020-03-26,113,741
Wales,2020-03-25,150,628
Wales,2020-03-24,60,478
Wales,2020-03-23,71,418
Wales,2020-03-22,67,347
Wales,2020-03-21,89,280
Wales,2020-03-20,21,191
Wales,2020-03-19,21,170
Wales,2020-03-18,13,149
Wales,2020-03-17,12,136
Wales,2020-03-16,30,124
Wales,2020-03-15,34,94
Wales,2020-03-14,22,60
Wales,2020-03-13,13,38
Wales,2020-03-12,10,25
Wales,2020-03-11,9,15
Wales,2020-03-10,2,6
Wales,2020-03-09,2,4
Wales,2020-03-08,0,2
Wales,2020-03-07,0,2
Wales,2020-03-06,0,2
Wales,2020-03-05,1,2
Wales,2020-03-04,0,1
Wales,2020-03-03,0,1
Wales,2020-03-02,0,1
Wales,2020-03-01,0,1
Wales,2020-02-29,0,1
Wales,2020-02-28,1,1
Wales,2020-02-27,0,
Wales,2020-02-26,0,
Wales,2020-02-25,0,
Wales,2020-02-24,0,
Wales,2020-02-23,0,
Wales,2020-02-22,0,
Wales,2020-02-21,0,
Wales,2020-02-20,0,
Wales,2020-02-19,0,
Wales,2020-02-18,0,
Wales,2020-02-17,0,
Wales,2020-02-16,0,
Wales,2020-02-15,0,
Wales,2020-02-14,0,
Wales,2020-02-13,0,
Wales,2020-02-12,0,
Wales,2020-02-11,0,
Wales,2020-02-10,0,
Wales,2020-02-09,0,
Wales,2020-02-08,0,
Wales,2020-02-07,0,
Wales,2020-02-06,0,
Wales,2020-02-05,0,
Wales,2020-02-04,0,
Wales,2020-02-03,0,
Wales,2020-02-02,0,
Wales,2020-02-01,0,
Wales,2020-01-31,0,
Wales,2020-01-30,0,
Wales,2020-01-29,0,
Wales,2020-01-28,0,
Wales,2020-01-27,0,
Wales,2020-01-26,0,
Wales,2020-01-25,0,
Wales,2020-01-24,0,
Wales,2020-01-23,0,
Wales,2020-01-22,0,
Wales,2020-01-21,0,
Wales,2020-01-20,0,
Wales,2020-01-19,0,
Wales,2020-01-18,0,
Wales,2020-01-17,0,
Wales,2020-01-16,0,
Wales,2020-01-15,0,
Wales,2020-01-14,0,
Wales,2020-01-13,0,
Wales,2020-01-12,0,
Wales,2020-01-11,0,
Wales,2020-01-10,0,
Wales,2020-01-09,0,
Wales,2020-01-08,0,
Wales,2020-01-07,0,
Wales,2020-01-06,0,
Wales,2020-01-05,0,
Wales,2020-01-04,0,
Wales,2020-01-03,0,
